Node.id|Node.id|Cost|Distance
0|1|0.840188|0.0394383
0|60|0.783099|0.079844
0|61|0.911647|0.0197551
1|0|0.335223|0.076823
1|2|0.277775|0.055397
1|60|0.477397|0.0628871
1|61|0.364784|0.0513401
1|62|0.95223|0.0916195
2|1|0.635712|0.0717297
2|3|0.141603|0.0606969
2|61|0.0163006|0.0242887
2|62|0.137232|0.0804177
2|63|0.156679|0.0400944
3|2|0.12979|0.0108809
3|4|0.998924|0.0218257
3|62|0.512932|0.0839112
3|63|0.61264|0.0296032
3|64|0.637552|0.0524287
4|3|0.493583|0.0972775
4|5|0.292517|0.0771358
4|63|0.526745|0.0769914
4|64|0.400229|0.0891529
4|65|0.283315|0.0352458
5|4|0.807725|0.0919027
5|6|0.0697553|0.0949327
5|64|0.525995|0.00860558
5|65|0.192214|0.0663227
5|66|0.890233|0.0348893
6|5|0.0641713|0.0020023
6|7|0.457702|0.00630958
6|65|0.23828|0.0970634
6|66|0.902208|0.085092
6|67|0.266666|0.053976
7|6|0.375207|0.0760249
7|8|0.512535|0.0667724
7|66|0.531606|0.00392803
7|67|0.437638|0.0931835
7|68|0.93081|0.0720952
8|7|0.284293|0.0738534
8|9|0.639979|0.0354049
8|67|0.687861|0.0165974
8|68|0.440105|0.0880075
8|69|0.829201|0.0330337
9|8|0.228968|0.0893372
9|10|0.35036|0.068667
9|68|0.956468|0.058864
9|69|0.657304|0.0858676
9|70|0.43956|0.092397
10|9|0.398437|0.0814767
10|11|0.684219|0.0910972
10|69|0.482491|0.0215825
10|70|0.950252|0.0920128
10|71|0.14766|0.0881062
11|10|0.641081|0.0431953
11|12|0.619596|0.0281059
11|70|0.786002|0.0307458
11|71|0.447034|0.0226107
11|72|0.187533|0.0276235
12|11|0.556444|0.0416501
12|13|0.169607|0.0906804
12|71|0.103171|0.0126075
12|72|0.495444|0.0760475
12|73|0.984752|0.0935004
13|12|0.684445|0.0383188
13|14|0.749771|0.0368664
13|72|0.29416|0.0232262
13|73|0.584489|0.0244413
13|74|0.15239|0.0732149
14|13|0.125475|0.079347
14|15|0.164102|0.0745071
14|73|0.0745298|0.0950104
14|74|0.0525293|0.0521563
14|75|0.176211|0.0240062
15|14|0.797798|0.0732654
15|16|0.656564|0.0967405
15|74|0.639458|0.0759735
15|75|0.0934805|0.0134902
15|76|0.52021|0.00782321
16|15|0.0699064|0.0204655
16|17|0.46142|0.0819677
16|75|0.573319|0.0755581
16|76|0.0519388|0.0157807
16|77|0.999994|0.0204329
17|16|0.889956|0.0125468
17|18|0.997799|0.00540576
17|76|0.87054|0.00723288
17|77|0.00416161|0.0923069
17|78|0.593892|0.0180372
18|17|0.163132|0.039169
18|19|0.913027|0.0819695
18|77|0.359095|0.0552485
18|78|0.57943|0.0452576
18|79|0.687387|0.00996401
19|18|0.530808|0.0757294
19|20|0.304295|0.0992228
19|78|0.576971|0.0877614
19|79|0.747809|0.062891
19|80|0.0354209|0.0747803
20|19|0.833239|0.0925377
20|21|0.873271|0.0831038
20|79|0.979434|0.0743811
20|80|0.903366|0.0983596
20|81|0.66688|0.0497259
21|20|0.163968|0.0830012
21|22|0.888949|0.00769947
21|80|0.649707|0.0248044
21|81|0.62948|0.0229137
21|82|0.70062|0.0316867
22|21|0.328777|0.0231428
22|23|0.074161|0.0633072
22|81|0.223656|0.0651132
22|82|0.510686|0.0971466
22|83|0.280042|0.0546107
23|22|0.719269|0.0113281
23|24|0.471483|0.059254
23|82|0.944318|0.0450918
23|83|0.336351|0.0847684
23|84|0.434513|0.000323146
24|23|0.344943|0.0598481
24|25|0.833243|0.0233892
24|83|0.675476|0.048295
24|84|0.481936|0.0304956
24|85|0.712087|0.0182556
25|24|0.621823|0.00408643
25|26|0.413984|0.0695984
25|84|0.673936|0.063764
25|85|0.347116|0.0184622
25|86|0.609106|0.0627158
26|25|0.730729|0.0328374
26|27|0.740438|0.0202213
26|85|0.920914|0.0684757
26|86|0.65313|0.0257265
26|87|0.532441|0.00876436
27|26|0.260497|0.0877384
27|28|0.686125|0.00937402
27|86|0.111276|0.0361601
27|87|0.57669|0.0593211
27|88|0.666557|0.0288778
28|27|0.775767|0.0288379
28|29|0.329642|0.0189751
28|87|0.984363|0.000357857
28|88|0.827391|0.0331479
28|89|0.188201|0.0436497
29|28|0.958637|0.091893
29|30|0.764871|0.0699075
29|88|0.121143|0.0685786
29|89|0.383832|0.0774273
29|90|0.943051|0.0916273
30|29|0.861917|0.0203548
30|31|0.793657|0.0548042
30|89|0.297288|0.0904933
30|90|0.909643|0.0873979
30|91|0.498144|0.05762
31|30|0.162757|0.0273911
31|32|0.864579|0.0492399
31|90|0.463662|0.0848942
31|91|0.495977|0.0291053
31|92|0.180421|0.0684178
32|31|0.72755|0.0139058
32|33|0.603109|0.0492422
32|91|0.838134|0.0724252
32|92|0.178208|0.0221966
32|93|0.498525|0.0121259
33|32|0.138238|0.0360443
33|34|0.324807|0.0931895
33|92|0.908485|0.0622095
33|93|0.836828|0.0818128
33|94|0.496074|0.0334972
34|33|0.394327|0.0658831
34|35|0.608883|0.0258906
34|93|0.15123|0.0072545
34|94|0.107848|0.0647207
34|95|0.363598|0.028827
35|34|0.331386|0.00911486
35|36|0.427328|0.0934495
35|94|0.58357|0.0265461
35|95|0.658747|0.0761778
35|96|0.487427|0.0157272
36|35|0.883037|0.0625665
36|37|0.517715|0.0207844
36|95|0.557561|0.0426199
36|96|0.829939|0.0394388
36|97|0.244327|0.0326013
37|36|0.72936|0.0638654
37|38|0.984845|0.0338243
37|96|0.89756|0.0136075
37|97|0.410788|0.000540855
37|98|0.783282|0.0774386
38|37|0.293678|0.0114668
38|39|0.865535|0.0721006
38|97|0.0491625|0.0449105
38|98|0.986467|0.0707909
38|99|0.210883|0.0473894
39|38|0.865181|0.00939195
39|40|0.0995593|0.0382896
39|98|0.301763|0.065712
39|99|0.809095|0.0131702
39|100|0.0515083|0.00534223
40|39|0.457716|0.0780868
40|41|0.692076|0.044256
40|99|0.119111|0.0589637
40|100|0.578635|0.0529899
40|101|0.595045|0.0361917
41|40|0.304285|0.0888723
41|42|0.476585|0.016982
41|100|0.609729|0.0525747
41|101|0.618925|0.0596196
41|102|0.233656|0.0829808
42|41|0.0700902|0.00988374
42|43|0.923728|0.0169649
42|101|0.481733|0.0225491
42|102|0.826769|0.0290829
42|103|0.357193|0.0878278
43|42|0.344251|0.0814909
43|44|0.659146|0.00363274
43|102|0.257469|0.0778257
43|103|0.625964|0.0836104
43|104|0.308157|0.0221009
44|43|0.198021|0.0612442
44|45|0.109733|0.0674605
44|103|0.782262|0.0719462
44|104|0.200352|0.0401188
44|105|0.315658|0.0434009
45|44|0.230996|0.0385748
45|46|0.532846|0.0154724
45|104|0.555398|0.00145793
45|105|0.380215|0.0382167
45|106|0.305408|0.0737408
46|45|0.260445|0.0649659
46|47|0.552316|0.0919591
46|105|0.685986|0.0809785
46|106|0.697848|0.031195
46|107|0.645889|0.000600477
47|46|0.53296|0.084391
47|48|0.618447|0.0642693
47|106|0.518515|0.0400709
47|107|0.362154|0.0718867
47|108|0.801897|0.0677812
48|47|0.152876|0.00328927
48|49|0.0635606|0.0685722
48|107|0.187616|0.0618958
48|108|0.700301|0.0567831
48|109|0.00112548|0.000570914
49|48|0.305239|0.026157
49|50|0.655368|0.0857555
49|108|0.181161|0.0341354
49|109|0.667341|0.0879009
49|110|0.653305|0.031323
50|49|0.885014|0.0186265
50|51|0.157139|0.0503461
50|109|0.828957|0.0675654
50|110|0.90417|0.0191112
50|111|0.394521|0.0706067
51|50|0.868924|0.0547397
51|52|0.738959|0.0932485
51|110|0.233119|0.0926576
51|111|0.551443|0.093342
51|112|0.494407|0.0552568
52|51|0.939129|0.0799646
52|53|0.814139|0.0594497
52|111|0.657201|0.09953
52|112|0.935852|0.0324541
52|113|0.874309|0.0589157
53|52|0.637771|0.0759324
53|54|0.775421|0.079491
53|112|0.262785|0.0604379
53|113|0.470564|0.0166955
53|114|0.79549|0.0865085
54|53|0.873021|0.0664414
54|55|0.412483|0.0611981
54|113|0.596899|0.0645602
54|114|0.538557|0.0148342
54|115|0.579022|0.00329634
55|54|0.70091|0.0518151
55|56|0.832609|0.0515049
55|114|0.112648|0.048981
55|115|0.510349|0.00484997
55|116|0.814351|0.0384658
56|55|0.637656|0.0452122
56|57|0.143982|0.0413078
56|115|0.247033|0.0406767
56|116|0.0174566|0.0717597
56|117|0.573721|0.0812947
57|56|0.582682|0.0446743
57|58|0.477361|0.0995165
57|116|0.0587232|0.00742604
57|117|0.640766|0.059728
57|118|0.222602|0.0219788
58|57|0.630243|0.0923513
58|59|0.737939|0.0462852
58|117|0.438562|0.0850587
58|118|0.952662|0.0948911
58|119|0.899086|0.0767014
59|58|0.333569|0.0536743
59|118|0.219136|0.0477551
59|119|0.94982|0.0466169
60|0|0.884318|0.0967277
60|1|0.183765|0.0458039
60|61|0.780224|0.0766448
60|120|0.904782|0.0257585
60|121|0.761612|0.0963505
61|0|0.331846|0.0402379
61|1|0.560785|0.0554448
61|2|0.622167|0.0191028
61|60|0.477961|0.0360105
61|62|0.65388|0.0916523
61|120|0.210692|0.0606542
61|121|0.865434|0.0109778
61|122|0.373556|0.0199003
62|1|0.64652|0.0592692
62|2|0.676554|0.0596341
62|3|0.0588605|0.0560872
62|61|0.563617|0.0242626
62|63|0.0189108|0.0343841
62|121|0.00907344|0.0923692
62|122|0.601427|0.0770686
62|123|0.887197|0.0933273
63|2|0.173065|0.0447982
63|3|0.487721|0.0795231
63|4|0.639009|0.0965682
63|62|0.155336|0.0292889
63|64|0.882204|0.0366028
63|122|0.899431|0.0747638
63|123|0.475806|0.0272987
63|124|0.94664|0.0122326
64|3|0.865679|0.0623194
64|4|0.718666|0.0924539
64|5|0.184066|0.0282284
64|63|0.167165|0.0202977
64|65|0.626125|0.0176239
64|123|0.126669|0.0227552
64|124|0.946925|0.00138663
64|125|0.160824|0.0119989
65|4|0.461848|0.0648545
65|5|0.915221|0.0100857
65|6|0.614227|0.0070557
65|64|0.393746|0.0496431
65|66|0.436585|0.0293177
65|124|0.244069|0.0912391
65|125|0.566164|0.0190709
65|126|0.0347164|0.0431844
66|5|0.813904|0.0753383
66|6|0.356383|0.099797
66|7|0.0356664|0.0523548
66|65|0.200947|0.0661792
66|67|0.699787|0.0327616
66|125|0.889343|0.0646712
66|126|0.341482|0.00501679
66|127|0.766701|0.080333
67|6|0.698713|0.0681922
67|7|0.904187|0.031294
67|8|0.752479|0.0297933
67|66|0.809371|0.0189064
67|68|0.591111|0.00534394
67|126|0.101454|0.0157275
67|127|0.244149|0.0136171
67|128|0.589119|0.00580523
68|7|0.889553|0.0945502
68|8|0.0560222|0.092522
68|9|0.46905|0.0256969
68|67|0.587011|0.0168837
68|69|0.584585|0.0476355
68|127|0.815549|0.0926068
68|128|0.526523|0.058225
68|129|0.729398|0.0225236
69|8|0.264172|0.0633585
69|9|0.538175|0.00166506
69|10|0.931518|0.0347546
69|68|0.205714|0.0522629
69|70|0.400985|0.0307168
69|128|0.679904|0.0645134
69|129|0.443339|0.0269022
69|130|0.703186|0.0332892
70|9|0.214524|0.0759208
70|10|0.258112|0.0683574
70|11|0.0161775|0.0845123
70|69|0.852411|0.0600763
70|71|0.321478|0.066796
70|129|0.52683|0.0848
70|130|0.25021|0.0256228
70|131|0.0732357|0.0514382
71|10|0.889813|0.0611411
71|11|0.531033|0.0821331
71|12|0.958957|0.0736747
71|70|0.343959|0.0359942
71|72|0.0439153|0.00238632
71|130|0.0050762|0.0487254
71|131|0.292886|0.0708262
71|132|0.820146|0.050741
72|11|0.467471|0.00782579
72|12|0.190984|0.0483648
72|13|0.923381|0.00433947
72|71|0.084411|0.0244858
72|73|0.711355|0.0611241
72|131|0.0928584|0.0961565
72|132|0.867469|0.0166094
72|133|0.475947|0.0757282
73|12|0.777505|0.000698012
73|13|0.578613|0.0736462
73|14|0.743727|0.0922572
73|72|0.0964041|0.0787642
73|74|0.946435|0.010148
73|132|0.274897|0.0239321
73|133|0.809743|0.00950428
73|134|0.74673|0.0277214
74|13|0.173301|0.0937714
74|14|0.760862|0.00966814
74|15|0.981109|0.0845273
74|73|0.34154|0.0692463
74|75|0.456514|0.0434398
74|133|0.654029|0.0323983
74|134|0.600492|0.0129976
74|135|0.081265|0.0377997
75|14|0.136956|0.0659878
75|15|0.114459|0.0880683
75|16|0.58245|0.0210863
75|74|0.668326|0.0528885
75|76|0.312343|0.0943222
75|134|0.768206|0.0122086
75|135|0.0382648|0.0514936
75|136|0.3993|0.0211565
76|15|0.45265|0.0160162
76|16|0.308247|0.0433758
76|17|0.00543489|0.0649787
76|75|0.126222|0.0461949
76|77|0.0841846|0.0780251
76|135|0.785932|0.0684677
76|136|0.910227|0.0867197
76|137|0.0626739|0.00471826
77|16|0.527075|0.0177133
77|17|0.927866|0.0109525
77|18|0.387996|0.0596191
77|76|0.638409|0.070034
77|78|0.539413|0.0406615
77|136|0.822426|0.0577678
77|137|0.921551|0.0221726
77|138|0.789244|0.0374201
78|17|0.381888|0.00974906
78|18|0.807959|0.0387323
78|19|0.747277|0.0934181
78|77|0.849272|0.0831462
78|79|0.714432|0.0635204
78|137|0.516139|0.0624658
78|138|0.502401|0.0578813
78|139|0.671841|0.00294762
79|18|0.755946|0.0599707
79|19|0.139001|0.0143942
79|20|0.195898|0.077741
79|78|0.844281|0.0735311
79|80|0.184025|0.0666707
79|138|0.31299|0.0105576
79|139|0.888433|0.0102233
79|140|0.479777|0.0270321
80|19|0.199724|0.0287736
80|20|0.657643|0.0947001
80|21|0.221918|0.0506915
80|79|0.778463|0.0936349
80|81|0.142119|0.0294601
80|139|0.561007|0.064452
80|140|0.873414|0.0232848
80|141|0.673996|0.0629359
81|20|0.832555|0.0812997
81|21|0.773301|0.00284525
81|22|0.590407|0.0617582
81|80|0.763764|0.0774432
81|82|0.284289|0.00767534
81|140|0.880009|0.0172722
81|141|0.178987|0.0359786
81|142|0.443043|0.037871
82|21|0.647522|0.0100686
82|22|0.325711|0.086944
82|23|0.6076|0.0104174
82|81|0.805789|0.0749719
82|83|0.398775|0.0366796
82|141|0.394239|0.0272189
82|142|0.599644|0.00682348
82|143|0.901549|0.0432199
83|22|0.881232|0.067485
83|23|0.460652|0.0471639
83|24|0.292432|0.0224415
83|82|0.246071|0.0576721
83|84|0.301169|0.012608
83|142|0.749443|0.0480155
83|143|0.485866|0.0192486
83|144|0.858866|0.0133388
84|23|0.293171|0.0184577
84|24|0.00282779|0.0900772
84|25|0.288752|0.0808617
84|83|0.650491|0.0687527
84|85|0.175413|0.00447295
84|143|0.959716|0.0775058
84|144|0.112964|0.0861265
84|145|0.207257|0.0994196
85|24|0.536115|0.0667908
85|25|0.465835|0.0828546
85|26|0.892324|0.0711906
85|84|0.405267|0.0193493
85|86|0.837986|0.0154711
85|144|0.673648|0.0323852
85|145|0.347196|0.0532514
85|146|0.45724|0.0640368
86|25|0.717092|0.0460067
86|26|0.54114|0.000584319
86|27|0.268684|0.019163
86|85|0.69337|0.0444097
86|87|0.23636|0.0653087
86|145|0.219155|0.0349324
86|146|0.514352|0.0426412
86|147|0.34352|0.00504663
87|26|0.0943199|0.0809355
87|27|0.879013|0.0986644
87|28|0.521261|0.028428
87|86|0.180136|0.0359247
87|88|0.43899|0.0853785
87|146|0.683098|0.0786187
87|147|0.386299|0.0140338
87|148|0.426555|0.010339
88|27|0.600405|0.0967694
88|28|0.109233|0.086909
88|29|0.159324|0.0802604
88|87|0.313187|0.0395684
88|89|0.45569|0.0532342
88|147|0.745008|0.0970042
88|148|0.958753|0.00885283
88|149|0.0205084|0.00530733
89|28|0.897883|0.0899521
89|29|0.039717|0.0419144
89|30|0.183801|0.0219853
89|88|0.778391|0.0622791
89|90|0.0736379|0.0461489
89|148|0.408978|0.0459937
89|149|0.601827|0.0835533
89|150|0.563327|0.0202232
90|29|0.803227|0.067256
90|30|0.071322|0.0962551
90|31|0.475164|0.0384509
90|89|0.358235|0.0930854
90|91|0.916851|0.0103244
90|149|0.900896|0.0875604
90|150|0.191772|0.0921405
90|151|0.928678|0.0089655
91|30|0.820926|0.0968395
91|31|0.508799|0.000472651
91|32|0.188248|0.0287189
91|90|0.627518|0.0261886
91|92|0.748678|0.00364959
91|150|0.721822|0.0350505
91|151|0.872028|0.0285149
91|152|0.552738|0.0675255
92|31|0.957709|0.062406
92|32|0.637806|0.0432873
92|33|0.00856861|0.0996042
92|91|0.363727|0.092542
92|93|0.0992851|0.0264624
92|151|0.801024|0.0291057
92|152|0.186029|0.0729702
92|153|0.380712|0.000695418
93|32|0.698096|0.0889511
93|33|0.0116807|0.0886344
93|34|0.1767|0.0639199
93|92|0.14823|0.0925379
93|94|0.675694|0.0870053
93|152|0.275884|0.0547723
93|153|0.155202|0.0828622
93|154|0.222978|0.0112911
94|33|0.452681|0.0860784
94|34|0.545784|0.046125
94|35|0.856826|0.0909512
94|93|0.386669|0.0956111
94|95|0.174136|0.0187693
94|153|0.247168|0.0360164
94|154|0.917395|0.062788
94|155|0.367118|0.0615491
95|34|0.517391|0.0378799
95|35|0.501835|0.0694091
95|36|0.0179977|0.0650066
95|94|0.61947|0.0693692
95|96|0.520118|0.0895354
95|154|0.241415|0.067532
95|155|0.723975|0.0464393
95|156|0.788231|0.0176656
96|35|0.325177|0.0334016
96|36|0.637906|0.0182003
96|37|0.243528|0.00245755
96|95|0.138114|0.0417663
96|97|0.212269|0.0385282
96|155|0.777828|0.0129663
96|156|0.0131615|0.0144946
96|157|0.745154|0.0530552
97|36|0.523745|0.024699
97|37|0.224643|0.0541743
97|38|0.897055|0.0844113
97|96|0.235435|0.0417174
97|98|0.739467|0.047685
97|156|0.0924937|0.0463442
97|157|0.941243|0.0880725
97|158|0.640098|0.026642
98|37|0.214741|0.0278005
98|38|0.448423|0.0458269
98|39|0.30258|0.0586537
98|97|0.875932|0.0514849
98|99|0.971818|0.065376
98|157|0.644512|0.098498
98|158|0.798706|0.0389667
98|159|0.515532|0.0322451
99|38|0.636656|0.0740175
99|39|0.864194|0.0533712
99|40|0.584288|0.00996293
99|98|0.950885|0.0323755
99|100|0.576479|0.0043379
99|158|0.787197|0.0517722
99|159|0.924104|0.0427295
99|160|0.784142|0.0138845
100|39|0.7053|0.0232565
100|40|0.597113|0.000788008
100|41|0.819102|0.0473046
100|99|0.522729|0.079092
100|101|0.126805|0.0167241
100|159|0.775899|0.0925511
100|160|0.556908|0.0291431
100|161|0.247962|0.0193564
101|40|0.0316064|0.0112157
101|41|0.727276|0.0615894
101|42|0.211786|0.0678161
101|100|0.939649|0.0788265
101|102|0.72154|0.0726846
101|160|0.305987|0.0645644
101|161|0.154141|0.00901297
101|162|0.784489|0.0859441
102|41|0.322695|0.0381603
102|42|0.867321|0.0141796
102|43|0.854648|0.039005
102|101|0.932716|0.0981453
102|103|0.557291|0.0708616
102|161|0.906964|0.0114199
102|162|4.68777e-05|0.0154927
102|163|0.307763|0.00316532
103|42|0.267083|0.00350389
103|43|0.647548|0.0478869
103|44|0.7132|0.0587197
103|102|0.267134|0.043474
103|104|0.314043|0.0573122
103|162|0.080384|0.0468185
103|163|0.663252|0.0864873
103|164|0.327626|0.0985946
104|43|0.246476|0.0194948
104|44|0.127743|0.0101124
104|45|0.584998|0.00604589
104|103|0.082577|0.0142289
104|105|0.769074|0.0989541
104|163|0.256489|0.0769121
104|164|0.144468|0.0564252
104|165|0.800775|0.0411551
105|44|0.599291|0.0448322
105|45|0.89042|0.0312491
105|46|0.0355193|0.0157555
105|104|0.747231|0.0349562
105|106|0.730677|0.0827615
105|164|0.817747|0.0393928
105|165|0.692488|0.0145373
105|166|0.379874|0.0938963
106|45|0.340321|0.0507617
106|46|0.0400871|0.0925319
106|47|0.568076|0.0122664
106|105|0.0676078|0.0337151
106|107|0.112205|0.0324096
106|165|0.106272|0.0256673
106|166|0.888348|0.0907046
106|167|0.668225|0.0487639
107|46|0.355369|0.0558645
107|47|0.800129|0.0390888
107|48|0.716199|0.054736
107|106|0.740451|0.0446876
107|108|0.374975|0.0558198
107|166|0.840804|0.00674623
107|167|0.703571|0.0220679
107|168|0.0064256|0.00438913
108|47|0.728296|0.00465127
108|48|0.96921|0.0296372
108|49|0.169177|0.00368176
108|107|0.633522|0.0281382
108|109|0.360914|0.0739794
108|167|0.538055|0.0249262
108|168|0.64684|0.020628
108|169|0.736901|0.000220922
109|48|0.764925|0.053703
109|49|0.393097|0.0481124
109|50|0.0843902|0.0133548
109|108|0.928|0.0459365
109|110|0.691745|0.0768804
109|168|0.526827|0.0395316
109|169|0.989483|0.0533253
109|170|0.439207|0.0717779
110|49|0.579765|0.0408417
110|50|0.0141502|0.0748942
110|51|0.445235|0.0647672
110|109|0.030324|0.0806149
110|111|0.387466|0.0568379
110|169|0.0554106|0.00343068
110|170|0.774659|0.0792311
110|171|0.036516|0.0539584
111|50|0.329342|0.0429613
111|51|0.0207081|0.0413732
111|52|0.563161|0.0948708
111|110|0.873097|0.0254906
111|112|0.717512|0.0399924
111|170|0.650222|0.0706995
111|171|0.933176|0.00894297
111|172|0.424774|0.0512941
112|51|0.497847|0.0438924
112|52|0.261883|0.0943081
112|53|0.0865962|0.0292207
112|111|0.74923|0.0474063
112|113|0.860587|0.0804641
112|171|0.508369|0.0635246
112|172|0.596952|0.0544885
112|173|0.17483|0.0926294
113|52|0.974499|0.0195538
113|53|0.340026|0.053766
113|54|0.144246|0.0213122
113|112|0.792566|0.0861759
113|114|0.613046|0.0442789
113|172|0.568754|0.0546222
113|173|0.532218|0.0993528
113|174|0.0591633|0.00300651
114|53|0.432452|0.0321047
114|54|0.973147|0.0519048
114|55|0.613254|0.0722377
114|113|0.99311|0.0473841
114|115|0.527017|0.050148
114|173|0.109087|0.0123969
114|174|0.0463652|0.0283917
114|175|0.0502633|0.00208639
115|54|0.479455|0.0390289
115|55|0.558524|0.0623701
115|56|0.603411|0.035109
115|114|0.48546|0.0216457
115|116|0.793878|0.0054214
115|174|0.762679|0.0326097
115|175|0.0477418|0.0821842
115|176|0.356162|0.0480193
116|55|0.142889|0.0329309
116|56|0.999241|0.0756143
116|57|0.0516852|0.0992352
116|115|0.229984|0.0578702
116|117|0.493831|0.0339071
116|175|0.702672|0.0540197
116|176|0.622988|0.0752935
116|177|0.56106|0.0102443
117|56|0.143224|0.0119584
117|57|0.726144|0.0746635
117|58|0.470674|0.0211604
117|116|0.963092|0.0264553
117|118|0.265818|0.0725771
117|176|0.590649|0.031356
117|177|0.547613|0.0946811
117|178|0.793753|0.0690502
118|57|0.27612|0.0792995
118|58|0.446645|0.0327805
118|59|0.785346|0.0676628
118|117|0.906507|0.0279178
118|119|0.0156992|0.0609179
118|177|0.819374|0.0638687
118|178|0.362115|0.0380434
118|179|0.74113|0.0505339
119|58|0.500019|0.0467274
119|59|0.251974|0.0970693
119|118|0.678878|0.0215066
119|178|0.235245|0.0944697
119|179|0.940837|0.0825895
120|60|0.258257|0.048845
120|61|0.772706|0.00520103
120|121|0.178952|0.00488258
120|180|0.845005|0.0625596
120|181|0.376631|0.0630351
121|60|0.302225|0.0283138
121|61|0.909529|0.0317924
121|62|0.892318|0.0728903
121|120|0.956611|0.0254432
121|122|0.109337|0.0697741
121|180|0.759771|0.0609356
121|181|0.165015|0.00117453
121|182|0.580048|0.0843894
122|61|0.226811|0.0815294
122|62|0.78859|0.0167648
122|63|0.641188|0.00468473
122|121|0.656098|0.0413894
122|123|0.0988576|0.083505
122|181|0.46272|0.0943863
122|182|0.460646|0.0839351
122|183|0.574214|0.0762871
123|62|0.122489|0.0483742
123|63|0.0807953|0.00148069
123|64|0.212645|0.00374063
123|122|0.269239|0.0321982
123|124|0.735147|0.00290106
123|182|0.931338|0.0900163
123|183|0.0407559|0.0511386
123|184|0.744056|0.0267567
124|63|0.32668|0.0532647
124|64|0.435216|0.0967868
124|65|0.579494|0.00913142
124|123|0.381762|0.0678351
124|125|0.926364|0.0844482
124|183|0.622214|0.0387011
124|184|0.683833|0.0196428
124|185|0.149882|0.0806322
125|64|0.68017|0.0230677
125|65|0.821129|0.0892815
125|66|0.268084|0.00903681
125|124|0.214797|0.000323105
125|126|0.119379|0.0146135
125|184|0.903394|0.0160135
125|185|0.657522|0.064745
125|186|0.427702|0.0984202
126|65|0.180096|0.0862918
126|66|0.95207|0.075959
126|67|0.954232|0.0333832
126|125|0.437942|0.0880596
126|127|0.178314|0.00601557
126|185|0.267607|0.0862147
126|186|0.256583|0.0417489
126|187|0.668469|0.0936754
127|66|0.648167|0.0489597
127|67|0.829569|0.091625
127|68|0.579965|0.00443661
127|126|0.919482|0.0699344
127|128|0.190501|0.0822875
127|186|0.859479|0.0848023
127|187|0.470325|0.0287181
127|188|0.832225|0.0650421
128|67|0.150099|0.0784295
128|68|0.410011|0.0104331
128|69|0.118126|0.0847953
128|127|0.984927|0.029644
128|129|0.908109|0.0252535
128|187|0.158587|0.0164692
128|188|0.670024|0.0827056
128|189|0.101446|0.0318191
129|68|0.316653|0.0931014
129|69|0.234441|0.0896618
129|70|0.97538|0.0153923
129|128|0.595963|0.0165882
129|130|0.976798|0.0455442
129|188|0.0139049|0.0447123
129|189|0.742623|0.084613
129|190|0.0975437|0.0892721
130|69|0.630424|0.0507555
130|70|0.997052|0.0748551
130|71|0.355508|0.098198
130|129|0.044991|0.0263616
130|131|0.234514|0.0203578
130|189|0.428309|0.0904539
130|190|0.0306337|0.0529754
130|191|0.222729|0.0347287
131|70|0.460768|0.0457171
131|71|0.243905|0.0436149
131|72|0.611093|0.0839868
131|130|0.60203|0.0587891
131|132|0.295309|0.0615935
131|190|0.0350138|0.0037932
131|191|0.462065|0.0132558
131|192|0.930653|0.00924893
132|71|0.640113|0.0927706
132|72|0.84104|0.099562
132|73|0.909686|0.0886031
132|131|0.259237|0.01442
132|133|0.089609|0.0687545
132|191|0.0487385|0.0120243
132|192|0.2173|0.0271468
132|193|0.467529|0.0678068
133|72|0.728638|0.0711434
133|73|0.114216|0.0339732
133|74|0.551302|0.0716247
133|132|0.927623|0.0846611
133|134|0.332182|0.0962637
133|192|0.884543|0.0794247
133|193|0.0951945|0.0815197
133|194|0.886736|0.0735307
134|73|0.742903|0.0727776
134|74|0.730928|0.0652588
134|75|0.613807|0.0990165
134|133|0.796788|0.0703416
134|135|0.67771|0.0845527
134|193|0.823659|0.089501
134|194|0.116995|0.0291188
134|195|0.573077|0.0845633
135|74|0.00262258|0.0687294
135|75|0.185365|0.0553925
135|76|0.403541|0.0112988
135|134|0.400536|0.0735723
135|136|0.0756249|0.028508
135|194|0.52997|0.0170819
135|195|0.100276|0.0416706
135|196|0.906126|0.0843179
136|75|0.144482|0.0637054
136|76|0.495767|0.075829
136|77|0.627218|0.0292555
136|135|0.461706|0.0304929
136|137|0.138082|0.0285365
136|195|0.199938|0.0255076
136|196|0.576553|0.0773016
136|197|0.100709|0.0579176
137|76|0.460309|0.0286074
137|77|0.1331|0.086385
137|78|0.399062|0.0533636
137|136|0.599573|0.0474687
137|138|0.818716|0.0129542
137|196|0.645507|0.0918992
137|197|0.546248|0.0551633
137|198|0.762171|0.0690731
138|77|0.188687|0.0257939
138|78|0.44902|0.0815905
138|79|0.550494|0.0910726
138|137|0.120834|0.0688576
138|139|0.196091|0.0320772
138|197|0.943652|0.0772644
138|198|0.0937877|0.00443619
138|199|0.351819|0.0554097
139|78|0.330436|0.0484919
139|79|0.417947|0.0729498
139|80|0.0185558|0.00175198
139|138|0.204186|0.0837272
139|140|0.147062|0.0849692
139|198|0.756264|0.0693311
139|199|0.401325|0.0518436
139|200|0.384041|0.0590012
140|79|0.776374|0.0833062
140|80|0.405917|0.0326868
140|81|0.743788|0.0526751
140|139|0.0154439|0.0939879
140|141|0.847523|0.0959096
140|199|0.712522|0.0941311
140|200|0.00345808|0.00643416
140|201|0.495408|0.0333894
141|80|0.549261|0.0913355
141|81|0.0633928|0.0567817
141|82|0.930875|0.0267578
141|140|0.405089|0.00779371
141|142|0.117271|0.0161353
141|200|0.771248|0.0518596
141|201|0.679788|0.0155289
141|202|0.108608|0.0456163
142|81|0.988351|0.0514525
142|82|0.783031|0.0732138
142|83|0.041276|0.0798474
142|141|0.672017|0.0888799
142|143|0.757571|0.0384539
142|201|0.83011|0.0761029
142|202|0.448881|0.0325518
142|203|0.094923|0.0998142
143|82|0.238873|0.0158316
143|83|0.565959|0.0169748
143|84|0.425894|0.0971047
143|142|0.247685|0.0543165
143|144|0.1324|0.00189329
143|202|0.0617606|0.0812189
143|203|0.174222|0.0170368
143|204|0.268351|0.0162573
144|83|0.684893|0.00513816
144|84|0.894711|0.0726169
144|85|0.849856|0.0566728
144|143|0.614968|0.0607427
144|145|0.951267|0.0445079
144|203|0.368455|0.0400148
144|204|0.770597|0.0463378
144|205|0.39829|0.000947013
145|84|0.621694|0.0964248
145|85|0.179218|0.00475882
145|86|0.935296|0.0426904
145|144|0.590753|0.0067696
145|146|0.445836|0.0652514
145|204|0.879885|0.0620058
145|205|0.822882|0.0148236
145|206|0.782631|0.0507775
146|85|0.199617|0.0677342
146|86|0.233944|0.00494732
146|87|0.244069|0.0848912
146|145|0.6569|0.0195336
146|147|0.293991|0.00253549
146|205|0.595484|0.00645876
146|206|0.488733|0.0993774
146|207|0.0740577|0.0110427
147|86|0.958022|0.0253276
147|87|0.158015|0.0893318
147|88|0.68018|0.0748768
147|146|0.961014|0.0126016
147|148|0.401282|0.0840899
147|206|0.746074|0.0224164
147|207|0.989134|0.0528705
147|208|0.731938|0.0188752
148|87|0.206047|0.0965882
148|88|0.238225|0.0450117
148|89|0.814794|0.0895125
148|147|0.645453|0.0108785
148|149|0.920479|0.0240937
148|207|0.173373|0.0409213
148|208|0.234711|0.0247431
148|209|0.51964|0.0192734
149|88|0.500707|0.0677655
149|89|0.0860517|0.0180886
149|90|0.426423|0.00470658
149|148|0.306902|0.0827705
149|150|0.887964|0.00529768
149|208|0.0518689|0.0877099
149|209|0.581682|0.0783807
149|210|0.0658506|0.0787729
150|89|0.74969|0.0304075
150|90|0.237846|0.0564484
150|91|0.1992|0.0883299
150|149|0.673269|0.0119679
150|151|0.124236|0.0846642
150|209|0.528892|0.0358948
150|210|0.0940727|0.00485317
150|211|0.551681|0.0594779
151|90|0.726187|0.0637733
151|91|0.775665|0.015261
151|92|0.684799|0.00825677
151|150|0.980315|0.0572763
151|152|0.135545|0.00321839
151|210|0.449862|0.0717227
151|211|0.815991|0.0515712
151|212|0.504956|0.0565681
152|91|0.819788|0.0742802
152|92|0.130165|0.00189879
152|93|0.626101|0.0803434
152|151|0.138667|0.0750337
152|153|0.650077|0.0667559
152|211|0.109285|0.0744149
152|212|0.716091|0.0660966
152|213|0.338929|0.0442278
153|92|0.298698|0.0114594
153|93|0.594888|0.0983497
153|94|0.197162|0.0575203
153|152|0.55626|0.0332706
153|154|0.607387|0.000612195
153|212|0.0499329|0.0423378
153|213|0.521834|0.0554889
153|214|0.989059|0.0341622
154|93|0.297691|0.0119224
154|94|0.36061|0.0923792
154|95|0.922658|0.0499278
154|153|0.674129|0.0572735
154|155|0.166837|0.0783413
154|213|0.316884|0.0882928
154|214|0.444379|0.0655813
154|215|0.325206|0.0743078
155|94|0.770407|0.0920094
155|95|0.726575|0.0967568
155|96|0.495297|0.0282835
155|154|0.300275|0.0102683
155|156|0.288957|0.0350208
155|214|0.526061|0.0810791
155|215|0.905096|0.051512
155|216|0.152413|0.0202787
156|95|0.634344|0.0513024
156|96|0.126579|0.0557002
156|97|0.0123013|0.0800708
156|155|0.129737|0.0179138
156|157|0.584121|0.0446622
156|215|0.0620666|0.00285004
156|216|0.102434|0.0387273
156|217|0.771578|0.0872841
157|96|0.307366|0.0498153
157|97|0.840409|0.0802663
157|98|0.780987|0.0140684
157|156|0.905346|0.00699438
157|158|0.490891|0.0431407
157|216|0.880735|0.0395988
157|217|0.946527|0.00331482
157|218|0.598775|0.0580872
158|97|0.546172|0.0725354
158|98|0.137874|0.0558473
158|99|0.526062|0.0267611
158|157|0.737611|0.0110183
158|159|0.714233|0.0799678
158|217|0.138684|0.0816667
158|218|0.186951|0.0910262
158|219|0.689509|0.0494317
159|98|0.408414|0.0529918
159|99|0.29698|0.0189401
159|100|0.670602|0.0202326
159|158|0.259345|0.0161494
159|160|0.633734|0.014008
159|218|0.557481|0.0580261
159|219|0.173228|0.0156257
159|220|0.161133|0.07194
160|99|0.881611|0.0299007
160|100|0.277873|0.0407673
160|101|0.566618|0.00154844
160|159|0.517856|0.0280851
160|161|0.815162|0.0656539
160|219|0.0975185|0.000211305
160|220|0.566801|0.0787027
160|221|0.49643|0.0975215
161|100|0.316945|0.079341
161|101|0.164617|0.0987547
161|102|0.995737|0.0423962
161|160|0.149041|0.0629471
161|162|0.564042|0.0706522
161|220|0.209732|0.073727
161|221|0.862779|0.0370865
161|222|0.45667|0.074439
162|101|0.669871|0.0734543
162|102|0.152062|0.023649
162|103|0.750027|0.0669918
162|161|0.517341|0.0565189
162|163|0.326458|0.0614859
162|221|0.567302|0.0893259
162|222|0.401886|0.00637327
162|223|0.868474|0.0718831
163|102|0.857143|0.00330907
163|103|0.706378|0.085288
163|104|0.457052|0.0855419
163|162|0.48235|0.0021094
163|164|0.561941|0.0692082
163|222|0.758364|0.042472
163|223|0.0629468|0.0215033
163|224|0.169109|0.0732818
164|103|0.949576|0.0321172
164|104|0.969308|0.0699603
164|105|0.99109|0.0486648
164|163|0.264793|0.0317548
164|165|0.101507|0.0832095
164|223|0.210806|0.0503394
164|224|0.895828|0.00792805
164|225|0.222225|0.0752971
165|104|0.112371|0.0928603
165|105|0.60585|0.0569424
165|106|0.784022|0.00882007
165|164|0.590518|0.0345963
165|166|0.780283|0.0348881
165|224|0.770682|0.084323
165|225|0.563915|0.0939791
165|226|0.576048|0.0513491
166|105|0.260963|0.0545356
166|106|0.213094|0.0252053
166|107|0.0320041|0.0477887
166|165|0.5696|0.0133512
166|167|0.309982|0.0780407
166|225|0.636905|0.0205809
166|226|0.859687|0.085913
166|227|0.95878|0.0972059
167|106|0.787733|0.056463
167|107|0.541482|0.0571755
167|108|0.652831|0.0132
167|166|0.917717|0.0433114
167|168|0.480881|0.06884
167|226|0.276344|0.00447959
167|227|0.628191|0.0852391
167|228|0.558287|0.0889154
168|107|0.397747|0.0771381
168|108|0.141207|0.0429751
168|109|0.249267|0.0710807
168|167|0.563263|0.0559249
168|169|0.491214|0.0200168
168|227|0.765058|0.0350901
168|228|0.0592977|0.0723838
168|229|0.32296|0.0847031
169|108|0.288468|0.0864442
169|109|0.418785|0.0941299
169|110|0.996442|0.0336502
169|168|0.374413|0.0477323
169|170|0.0249018|0.0650757
169|228|0.522119|0.0653093
169|229|0.503148|0.00804055
169|230|0.542247|0.0900895
170|109|0.851786|0.0683453
170|110|0.330647|0.0101054
170|111|0.39426|0.0893909
170|169|0.660302|0.0885474
170|171|0.0940773|0.0425361
170|229|0.236375|0.0153375
170|230|0.149199|0.0559335
170|231|0.000405591|0.0437667
171|110|0.423777|0.0419191
171|111|0.378966|0.0420218
171|112|0.755693|0.0753379
171|170|0.897541|0.0780595
171|172|0.404136|0.041966
171|230|0.433687|0.0907284
171|231|0.500065|0.0975934
171|232|0.808179|0.0351851
172|111|0.659387|0.0138826
172|112|0.452905|0.00536473
172|113|0.0327351|0.0113207
172|171|0.939121|0.0126812
172|173|0.538568|0.0175496
172|231|0.280187|0.0687766
172|232|0.734831|0.0280593
172|233|0.125433|0.0158607
173|112|0.699784|0.0504399
173|113|0.578825|0.0455477
173|114|0.257778|0.0476366
173|172|0.236071|0.0661914
173|174|0.896026|0.0669759
173|232|0.569198|0.0396091
173|233|0.645693|0.0377377
173|234|0.747942|0.030508
174|113|0.516203|0.0200847
174|114|0.358727|0.0548938
174|115|0.314054|0.0297849
174|173|0.67575|0.0852622
174|175|0.473345|0.0955938
174|233|0.540389|0.0208175
174|234|0.236531|0.0665822
174|235|0.366783|0.0936315
175|114|0.170221|0.0945608
175|115|0.391792|0.0427999
175|116|0.421975|0.0627863
175|174|0.0899137|0.0318
175|176|0.297622|0.0659112
175|234|0.714091|0.0943315
175|235|0.0364889|0.0462033
175|236|0.248395|0.0552692
176|115|0.66288|0.0607122
176|116|0.10163|0.0976935
176|117|0.904971|0.077738
176|175|0.829557|0.0378316
176|177|0.733318|0.0369946
176|235|0.586491|0.0969849
176|236|0.0357675|0.0953274
176|237|0.906164|0.0205989
177|116|0.898882|0.0297956
177|117|0.633988|0.0320857
177|118|0.925819|0.0723902
177|176|0.638857|0.0223441
177|178|0.383013|0.0352948
177|236|0.166755|0.0419502
177|237|0.814982|0.041515
177|238|0.972194|0.0477862
178|117|0.0222729|0.00738238
178|118|0.454797|0.0927244
178|119|0.851204|0.0284354
178|177|0.30556|0.0584522
178|179|0.654299|0.0892051
178|237|0.554371|0.0690067
178|238|0.845325|0.0460535
178|239|0.896055|0.0744207
179|118|0.758491|0.0530043
179|119|0.0650635|0.068431
179|178|0.253945|0.0703921
179|238|0.90775|0.0636959
179|239|0.056869|0.00745054
180|120|0.0564608|0.0871851
180|121|0.489656|0.00286548
180|181|0.349713|0.0511929
180|240|0.102479|0.080451
180|241|0.439173|0.0953683
181|120|0.0888636|0.0744732
181|121|0.538205|0.0743163
181|122|0.636783|0.00925761
181|180|0.43323|0.0482107
181|182|0.553111|0.0329285
181|240|0.226314|0.0311602
181|241|0.859329|0.0291378
181|242|0.995912|0.0113274
182|121|0.995298|0.0903662
182|122|0.750232|0.00521674
182|123|0.978167|0.0806693
182|181|0.924018|0.0467823
182|183|0.835348|0.0273731
182|241|0.979752|0.0937826
182|242|0.0782409|0.0418925
182|243|0.891509|0.0167104
183|122|0.163657|0.0429714
183|123|0.910267|0.080044
183|124|0.52229|0.0343497
183|182|0.282547|0.00754011
183|184|0.672782|0.0508861
183|242|0.387003|0.0532111
183|243|0.800239|0.0382915
183|244|0.645385|0.0795537
184|123|0.286577|0.0395617
184|124|0.847705|0.0264745
184|125|0.20231|0.0771723
184|183|0.732568|0.00376578
184|185|0.0454541|0.071232
184|243|0.975484|0.0123695
184|244|0.131244|0.0866993
184|245|0.290799|0.0294901
185|124|0.296707|0.0201067
185|125|0.0953408|0.0818996
185|126|0.544564|0.0377888
185|184|0.894397|0.0217346
185|186|0.886749|0.0281401
185|244|0.749457|0.0686988
185|245|0.664316|0.0394842
185|246|0.482525|0.0950893
186|125|0.790458|0.033023
186|126|0.215638|0.0992768
186|127|0.101953|0.0948206
186|185|0.0304262|0.0147407
186|187|0.660526|0.000591033
186|245|0.271102|0.079177
186|246|0.872903|0.0561902
186|247|0.0866714|0.016961
187|126|0.762968|0.0182012
187|127|0.988606|0.0307532
187|128|0.5599|0.0883004
187|186|0.524878|0.0446649
187|188|0.164405|0.0274335
187|246|0.133637|0.0828721
187|247|0.669177|0.0616163
187|248|0.779615|0.0459635
188|127|0.946393|0.0995253
188|128|0.452404|0.0048346
188|129|0.943459|0.048283
188|187|0.195753|0.0603984
188|189|0.48874|0.0466855
188|247|0.395754|0.0361644
188|248|0.028757|0.0482426
188|249|0.531254|0.0791725
189|128|0.664438|0.051986
189|129|0.0992575|0.0224338
189|130|0.402864|0.0624136
189|188|0.670987|0.0567269
189|190|0.898471|0.0804625
189|248|0.39599|0.0567648
189|249|0.420787|0.0175605
189|250|0.0272838|0.036718
190|129|0.170857|0.0479688
190|130|0.415526|0.0114316
190|131|0.962518|0.0611279
190|189|0.7183|0.0451258
190|191|0.0781347|0.0114054
190|249|0.812902|0.0106892
190|250|0.59648|0.0344156
190|251|0.898617|0.0260918
191|130|0.864016|0.0997875
191|131|0.485257|0.026688
191|132|0.622011|0.0156244
191|190|0.834149|0.0520482
191|192|0.960868|0.0230139
191|250|0.0881301|0.0381656
191|251|0.405744|0.0115414
191|252|0.748836|0.0576601
192|131|0.595102|0.0164362
192|132|0.690917|0.0557619
192|133|0.775641|0.0409217
192|191|0.00887705|0.0853776
192|193|0.523271|0.0821779
192|251|0.960668|0.0119752
192|252|0.165934|0.0859285
192|253|0.38067|0.00299501
193|132|0.857159|0.0865927
193|133|0.29683|0.047917
193|134|0.0221705|0.0130979
193|192|0.999652|0.0983039
193|194|0.361119|0.00877818
193|252|0.364695|0.0766863
193|253|0.203196|0.011353
193|254|0.343464|0.0798297
194|133|0.277892|0.00343803
194|134|0.355916|0.00535336
194|135|0.443597|0.0364793
194|193|0.90731|0.0966868
194|195|0.186572|0.0867977
194|253|0.08662|0.0352506
194|254|0.727262|0.046729
194|255|0.382457|0.0584421
195|134|0.333217|0.0679287
195|135|0.0635912|0.0355387
195|136|0.810266|0.00632429
195|194|0.338426|0.0171385
195|196|0.151025|0.0703121
195|254|0.938247|0.0354221
195|255|0.816651|0.0281711
195|256|0.152518|0.00945434
196|135|0.316091|0.0508434
196|136|0.148077|0.0759688
196|137|0.873228|0.00553866
196|195|0.726557|0.00597998
196|197|0.923364|0.0813177
196|255|0.412306|0.0650626
196|256|0.280467|0.0794763
196|257|0.235047|0.0613683
197|136|0.47405|0.0298639
197|137|0.96907|0.0284316
197|138|0.361881|0.0307496
197|196|0.455701|0.0512906
197|198|0.0106171|0.0393948
197|256|0.867127|0.0827268
197|257|0.675659|0.00196445
197|258|0.921812|0.0991751
198|137|0.528079|0.00698885
198|138|0.751439|0.0401306
198|139|0.125275|0.0477996
198|197|0.461106|0.0048639
198|199|0.291173|0.0873412
198|257|0.699265|0.057164
198|258|0.668175|0.0934312
198|259|0.185323|0.0142225
199|138|0.232951|0.0154393
199|139|0.426541|0.0594832
199|140|0.46189|0.0882242
199|198|0.107738|0.0472507
199|200|0.27619|0.0974865
199|258|0.299775|0.095185
199|259|0.99451|0.0221587
199|260|0.943601|0.0522588
200|139|0.291475|0.069504
200|140|0.923895|0.041675
200|141|0.173036|0.0385001
200|199|0.465389|0.0464208
200|201|0.258413|0.0164654
200|259|0.0358477|0.0926588
200|260|0.0989663|0.0221171
200|261|0.0688135|0.0331917
201|140|0.375564|0.0495355
201|141|0.926749|0.0837454
201|142|0.377597|0.00344874
201|200|0.309961|0.0653787
201|202|0.00935241|0.0609736
201|260|0.605637|0.000386199
201|261|0.831323|0.0549238
201|262|0.52645|0.0122798
202|141|0.244277|0.0450345
202|142|0.539549|0.0417313
202|143|0.835346|0.000493794
202|201|0.881521|0.00937589
202|203|0.169592|0.0917369
202|261|0.0203474|0.0268558
202|262|0.138539|0.0089161
202|263|0.600475|0.0514103
203|142|0.584516|0.0527225
203|143|0.351557|0.0962112
203|144|0.561712|0.0661518
203|202|0.615899|0.0571064
203|204|0.271254|0.0221536
203|262|0.574926|0.0102577
203|263|0.770774|0.0101377
203|264|0.225375|0.0015051
204|143|0.551721|0.0764924
204|144|0.432364|0.0387067
204|145|0.769862|0.0313885
204|203|0.480826|0.0939454
204|205|0.231253|0.0501174
204|263|0.208012|0.0369793
204|264|0.590334|0.0808488
204|265|0.883896|0.017485
205|144|0.335712|0.0235453
205|145|0.136962|0.0897424
205|146|0.896971|0.0752861
205|204|0.468488|0.0168225
205|206|0.974398|0.00434146
205|264|0.270803|0.0745172
205|265|0.144791|0.0496178
205|266|0.760223|0.0696513
206|145|0.261102|0.0192586
206|146|0.0835797|0.00309635
206|147|0.506471|0.0564406
206|205|0.970417|0.0737725
206|207|0.0655793|0.017843
206|265|0.107517|0.0655914
206|266|0.986918|0.0991413
206|267|0.830764|0.032263
207|146|0.226866|0.0967726
207|147|0.220054|0.0123838
207|148|0.720587|0.0688542
207|206|0.292063|0.0694985
207|208|0.731957|0.0562866
207|266|0.440157|0.0876748
207|267|0.0590435|0.0200379
207|268|0.573261|0.0320145
208|147|0.392965|0.065684
208|148|0.351109|0.0899437
208|149|0.221246|0.0321526
208|207|0.637161|0.0286825
208|209|0.499956|0.0744678
208|267|0.942739|0.0486873
208|268|0.736091|0.0773503
208|269|0.809503|0.0962958
209|148|0.741229|0.00295571
209|149|0.0867955|0.0461816
209|150|0.718099|0.0378859
209|208|0.156801|0.0450056
209|210|0.941724|0.0596958
209|268|0.326804|7.67693e-05
209|269|0.797337|0.0900065
209|270|0.320913|0.0190303
210|149|0.556905|0.0672021
210|150|0.0897392|0.0778152
210|151|0.993547|0.07269
210|209|0.0649769|0.0493503
210|211|0.471579|0.000771607
210|269|0.980376|0.020767
210|270|0.781219|0.0789879
210|271|0.170628|0.0522448
211|150|0.819436|0.0257423
211|151|0.984264|0.0537536
211|152|0.636282|0.0141065
211|210|0.987592|0.0578006
211|212|0.738023|0.0314397
211|270|0.578774|0.053536
211|271|0.214462|0.0899687
211|272|0.725663|0.0771367
212|151|0.571708|0.0815402
212|152|0.549519|0.0565256
212|153|0.542302|0.0614496
212|211|0.0587587|0.00138811
212|213|0.622212|0.00391351
212|271|0.221551|0.0403431
212|272|0.829014|0.0392179
212|273|0.925878|0.0648451
213|152|0.649603|0.0910142
213|153|0.185987|0.0285885
213|154|0.0512077|0.0173579
213|212|0.863891|0.0789231
213|214|0.487976|0.0442665
213|272|0.324591|0.0702437
213|273|0.342352|0.00502544
213|274|0.473805|0.091406
214|153|0.865657|0.00233231
214|154|0.479315|0.0407959
214|155|0.637819|0.0538074
214|213|0.42184|0.026003
214|215|0.577209|0.0643391
214|273|0.663461|0.0406224
214|274|0.0355706|0.0589339
214|275|0.0546747|0.0685173
215|154|0.499481|0.0240662
215|155|0.971058|0.0550689
215|156|0.414241|0.0834949
215|214|0.33992|0.0902217
215|216|0.277614|0.0664511
215|274|0.604654|0.0619965
215|275|0.714766|0.00784585
215|276|0.534025|0.0580422
216|155|0.101782|0.00133406
216|156|0.988382|0.07396
216|157|0.551415|0.0410222
216|215|0.999631|0.0128624
216|217|0.0536133|0.0663091
216|275|0.534848|0.00891839
216|276|0.25243|0.0589522
216|277|0.774357|0.0751912
217|156|0.830184|0.0745415
217|157|0.302601|0.0244425
217|158|0.580364|0.0642521
217|216|0.146641|0.0857978
217|218|0.307032|0.0751295
217|276|0.477943|0.00217983
217|277|0.829754|0.00119682
217|278|0.602221|0.0931535
218|157|0.0253088|0.0590602
218|158|0.671135|0.0576724
218|159|0.000824207|0.0670766
218|217|0.705347|0.00544375
218|219|0.333857|0.0240195
218|277|0.143621|0.0586287
218|278|0.829717|0.0917979
218|279|0.338199|0.0659901
219|158|0.663394|0.06408
219|159|0.904326|0.0243758
219|160|0.283321|0.00509667
219|218|0.101735|0.0590354
219|220|0.802262|0.0579678
219|278|0.612152|0.0632015
219|279|0.591647|0.0214373
219|280|0.56355|0.0616955
220|159|0.804975|0.0234686
220|160|0.193679|0.0805799
220|161|0.905452|0.0899026
220|219|0.860237|0.0239309
220|221|0.139221|0.000385829
220|279|0.825596|0.0968939
220|280|0.921837|0.0163796
220|281|0.62884|0.058523
221|160|0.804596|0.0533165
221|161|0.828988|0.00879172
221|162|0.584132|0.0930723
221|220|0.678271|0.0386394
221|222|0.510402|0.0290423
221|280|0.0184091|0.0102048
221|281|0.504796|0.058196
221|282|0.719004|0.0309771
222|161|0.816646|0.0912683
222|162|0.115571|0.0722097
222|163|0.811709|0.0975808
222|221|0.961406|0.095093
222|223|0.979666|0.0787003
222|281|0.919869|0.0901503
222|282|0.950798|0.0548708
222|283|0.486733|0.0755394
223|162|0.0818735|0.0315721
223|163|0.843312|0.0666005
223|164|0.246445|0.0521583
223|222|0.0523992|0.0756846
223|224|0.812006|0.00708083
223|282|0.858895|0.0316802
223|283|0.652768|0.0577898
223|284|0.626573|0.0469413
224|163|0.490581|0.0742143
224|164|0.191511|0.030229
224|165|0.717951|0.0152917
224|223|0.25322|0.0697616
224|225|0.93992|0.0173089
224|283|0.599119|0.0890718
224|284|0.721797|0.00858521
224|285|0.646113|0.080367
225|164|0.401573|0.0489424
225|165|0.469676|0.0648018
225|166|0.0110069|0.0522075
225|224|0.404864|0.0823013
225|226|0.592883|0.0263759
225|284|0.139814|0.0245651
225|285|0.841657|0.0766387
225|286|0.715065|0.0332238
226|165|0.50853|0.0906575
226|166|0.634528|0.0226481
226|167|0.0594924|0.0887748
226|225|0.924097|0.0999412
226|227|0.0608362|0.0523216
226|285|0.89013|0.0782633
226|286|0.609068|0.0536243
226|287|0.586303|0.00106416
227|166|0.0256669|0.00559791
227|167|0.658659|0.00366738
227|168|0.578054|0.00635237
227|226|0.859686|0.0170937
227|228|0.327282|0.09995
227|286|0.416589|0.016894
227|287|0.765887|0.0131653
227|288|0.501178|0.0274417
228|167|0.0382287|0.0135705
228|168|0.500898|0.00977211
228|169|0.0234531|0.0424995
228|227|0.0971331|0.00842894
228|229|0.948211|0.0987263
228|287|0.866922|0.0557279
228|288|0.523506|0.0453226
228|289|0.567921|0.0549173
229|168|0.509205|0.022658
229|169|0.585846|0.00872588
229|170|0.290104|0.0445533
229|228|0.258196|0.0617387
229|230|0.445033|0.0674785
229|288|0.786326|0.021092
229|289|0.806438|0.0287504
229|290|0.485337|0.0844667
230|169|0.423209|0.0986235
230|170|0.942388|0.0446662
230|171|0.41123|0.0039521
230|229|0.530952|0.0359441
230|231|0.0267842|0.0397874
230|289|0.91672|0.055029
230|290|0.8511|0.0484641
230|291|0.0994628|0.0360305
231|170|0.711222|0.0685309
231|171|0.447564|0.000132573
231|172|0.130842|0.070576
231|230|0.618712|0.0575875
231|232|0.380544|0.0405038
231|290|0.786796|0.0186983
231|291|0.692542|0.0272133
231|292|0.0316495|0.0115752
232|171|0.258368|0.0974037
232|172|0.562414|0.0669598
232|173|0.0135584|0.00933659
232|231|0.0290395|0.00403427
232|233|0.49124|0.094576
232|291|0.590633|0.034234
232|292|0.430401|0.0690096
232|293|0.702645|0.0141623
233|172|0.375405|0.0150208
233|173|0.142949|0.0506247
233|174|0.855968|0.0761661
233|232|0.0821224|0.0236512
233|234|0.166699|0.0868918
233|292|0.423495|0.0859242
233|293|0.141051|0.0455144
233|294|0.974993|0.039942
234|173|0.429182|0.0537407
234|174|0.0690179|0.044274
234|175|0.630773|0.00980575
234|233|0.483083|0.0122013
234|235|0.0438174|0.00737159
234|293|0.464353|0.0474219
234|294|0.763811|0.0166998
234|295|0.615842|0.0139216
235|174|0.317206|0.0758791
235|175|0.645464|0.0173174
235|176|0.520451|0.0727586
235|234|0.409687|0.0687151
235|236|0.596504|0.0833182
235|294|0.546393|0.0737555
235|295|0.288326|0.0521386
235|296|0.136975|0.0717508
236|175|0.0587931|0.0205993
236|176|0.160248|0.0689566
236|177|0.30405|0.0643331
236|235|0.811579|0.0347868
236|237|0.717047|0.0275933
236|295|0.822086|0.0480859
236|296|0.442931|0.0437928
236|297|0.620075|0.0760137
237|176|0.196719|0.0265539
237|177|0.933311|0.071717
237|178|0.993125|0.0342998
237|236|0.404321|0.0589629
237|238|0.176179|0.0950714
237|296|0.327184|0.0464505
237|297|0.472099|0.0464159
237|298|0.182014|0.0530892
238|177|0.670152|0.0342262
238|178|0.220459|0.0974202
238|179|0.985593|0.00320382
238|237|0.32207|0.0702641
238|239|0.307971|0.0144156
238|297|0.1835|0.0750902
238|298|0.582084|0.0803575
238|299|0.511039|0.0778803
239|178|0.0691138|0.044435
239|179|0.495973|0.00622386
239|238|0.787347|0.0900294
239|298|0.651868|0.0963527
239|299|0.851007|0.0979052
240|180|0.428032|0.0323107
240|181|0.443211|0.0610046
240|241|0.853999|0.0113363
241|180|0.952308|0.00744578
241|181|0.0875648|0.0937901
241|182|0.106496|0.0409635
241|240|0.640542|0.0414467
241|242|0.553791|0.0824041
242|181|0.165369|0.0135875
242|182|0.627616|0.0676407
242|183|0.914678|0.069673
242|241|0.120757|0.0410651
242|243|0.758969|0.0908104
243|182|0.310944|0.0410836
243|183|0.871631|0.0161952
243|184|0.389888|0.0299663
243|242|0.485059|0.0833099
243|244|0.909708|0.0339058
244|183|0.946461|0.0862016
244|184|0.413516|0.00340263
244|185|0.799917|0.0520012
244|243|0.443661|0.0440458
244|245|0.934478|0.0997451
245|184|0.2645|0.00998469
245|185|0.133326|0.0892116
245|186|0.776254|0.0048004
245|244|0.588846|0.0897011
245|246|0.458655|0.0347815
246|185|0.805115|0.0769599
246|186|0.758651|0.0676745
246|187|0.931551|0.0148539
246|245|0.976408|0.0416609
246|247|0.981637|0.0886116
247|186|0.755667|0.0928099
247|187|0.748131|0.0169182
247|188|0.962125|0.0548048
247|246|0.689194|0.0405786
247|248|0.988506|0.0623672
248|187|0.403237|0.0253006
248|188|0.723519|0.0536564
248|189|0.145122|0.0499773
248|247|0.584568|0.0733968
248|249|0.396784|0.00432225
249|188|0.0817827|0.0201899
249|189|0.812821|0.0840433
249|190|0.878644|0.0744372
249|248|0.988972|0.0855051
249|250|0.160982|0.097061
250|189|0.741167|0.0916649
250|190|0.898709|0.0489299
250|191|0.0858311|0.0860834
250|249|0.0373466|0.0775025
250|251|0.26662|0.00258531
251|190|0.398698|0.0669857
251|191|0.278859|0.0122217
251|192|0.206421|0.0423981
251|250|0.62199|0.0790989
251|252|0.157949|0.00187743
252|191|0.834212|0.0239732
252|192|0.220673|0.0647033
252|193|0.0801656|0.00993164
252|251|0.391405|0.00691378
252|253|0.954368|0.0552387
253|192|0.0397475|0.0695535
253|193|0.469035|0.0938456
253|194|0.184833|0.0554866
253|252|0.79929|0.022218
253|254|0.329892|0.00659098
254|193|0.248033|0.0728589
254|194|0.735767|0.0526892
254|195|0.850806|0.0942188
254|253|0.950873|0.0472796
254|255|0.733178|0.0108823
255|194|0.491571|0.0567389
255|195|0.348555|0.0712244
255|196|0.214422|0.042872
255|254|0.81156|0.0605827
255|256|0.497858|0.0765928
256|195|0.158214|0.0537606
256|196|0.461462|0.062725
256|197|0.476062|0.0646295
256|255|0.182116|0.0275352
256|257|0.868475|0.0512008
257|196|0.341262|0.0116508
257|197|0.240597|0.00770289
257|198|0.6434|0.00914027
257|256|0.0192173|0.0594273
257|258|0.564199|0.0752395
258|197|0.703096|0.00557698
258|198|0.319784|0.00516508
258|199|0.768013|0.0534206
258|257|0.480371|0.0579573
258|259|0.140033|0.0978229
259|198|0.345501|0.0298248
259|199|0.515835|0.0806963
259|200|0.925497|0.0991897
259|258|0.453259|0.0107613
259|260|0.267249|0.0321734
260|199|0.619621|0.060851
260|200|0.438242|0.0860217
260|201|0.685539|0.00816417
260|259|0.95162|0.0704757
260|261|0.675915|0.0515819
261|200|0.457151|0.0379011
261|201|0.571589|0.0776935
261|202|0.430662|0.0339602
261|260|0.311141|0.0911033
261|262|0.919176|0.0451175
262|201|0.889262|0.0264676
262|202|0.749422|0.0405098
262|203|0.0716397|0.0674919
262|261|0.396995|0.0524898
262|263|0.782533|0.0664243
263|202|0.846632|0.0402153
263|203|0.272754|0.0284874
263|204|0.262371|0.0958293
263|262|0.366516|0.0213991
263|264|0.663049|0.00424307
264|203|0.72981|0.0120201
264|204|0.421442|0.0301399
264|205|0.897136|0.0852104
264|263|0.641001|0.0208278
264|265|0.763137|0.0560176
265|204|0.659452|0.0652399
265|205|0.824853|0.0408875
265|206|0.0574968|0.0896493
265|264|0.083794|0.0454491
265|266|0.421391|0.0866327
266|205|0.118735|0.0268023
266|206|0.26848|0.0391488
266|207|0.552897|0.0530851
266|265|0.349781|0.0919413
266|267|0.744841|0.00128304
267|206|0.961843|0.0474651
267|207|0.133031|0.0383285
267|208|0.77605|0.00301674
267|266|0.235388|0.0417051
267|268|0.238445|0.0998525
268|207|0.977227|0.0897897
268|208|0.650924|0.080208
268|209|0.306772|0.0708421
268|267|0.698573|0.0390566
268|269|0.162912|0.0119964
269|208|0.256893|0.0281647
269|209|0.387987|0.0525373
269|210|0.673135|0.0940884
269|268|0.0562232|0.0022916
269|270|0.860296|0.0801065
270|209|0.0357464|0.0822139
270|210|0.275716|0.0168778
270|211|0.205424|0.00517661
270|269|0.198945|0.0440813
270|271|0.468817|0.043739
271|210|0.439338|0.0446045
271|211|0.335287|0.00902622
271|212|0.248125|0.0642059
271|270|0.798683|0.0946698
271|272|0.032625|0.0961596
272|211|0.0666617|0.0289518
272|212|0.243243|0.0454649
272|213|0.81489|0.0916378
272|271|0.395532|0.0871113
272|273|0.939294|0.0255828
273|212|0.672178|0.097504
273|213|0.0779679|0.0947894
273|214|0.143818|0.0283392
273|272|0.99966|0.0342763
273|274|0.724205|0.0468477
274|213|0.780153|0.0163543
274|214|0.914522|0.011544
274|215|0.253805|0.0162647
274|273|0.7575|0.00524885
274|275|0.109345|0.0790125
275|214|0.0140841|0.0176006
275|215|0.079642|0.0257327
275|216|0.630655|0.0894532
275|274|0.173704|0.00261872
275|276|0.765645|0.0112998
276|215|0.282016|0.0437823
276|216|0.0880377|0.0359984
276|217|0.385717|0.0231855
276|275|0.643376|0.0385378
276|277|0.574618|0.0367581
277|216|0.853855|0.0354771
277|217|0.531124|0.0768377
277|218|0.470211|0.0784929
277|276|0.931024|0.0227711
277|278|0.837417|0.00403683
278|217|0.0178355|0.0851502
278|218|0.216375|0.00974775
278|219|0.108828|0.084703
278|277|0.99201|0.0282532
278|279|0.873217|0.0757655
279|218|0.39553|0.0155233
279|219|0.195478|0.0483568
279|220|0.515216|0.0581196
279|278|0.715423|0.0158592
279|280|0.966573|0.0290041
280|219|0.526173|0.0820428
280|220|0.644812|0.00572967
280|221|0.588805|0.0115024
280|279|0.842226|0.0519828
280|281|0.342735|0.0679643
281|220|0.560197|0.036057
281|221|0.531144|0.0776571
281|222|0.458048|0.0639973
281|280|0.623601|0.0450057
281|282|0.922505|0.0496818
282|221|0.207712|0.0318035
282|222|0.652051|0.0403191
282|223|0.801603|0.0167267
282|281|0.984386|0.0517026
282|283|0.325859|0.0950959
283|222|0.807067|0.0852032
283|223|0.771387|0.0451879
283|224|0.909329|0.0360192
283|282|0.566903|0.0751554
283|284|0.88002|0.0909638
284|223|0.431197|0.0440217
284|224|0.270209|0.0962342
284|225|0.216789|0.0728256
284|283|0.602314|0.084039
284|285|0.178314|0.0524819
285|224|0.337208|0.0386026
285|225|0.842854|0.0989258
285|226|0.789217|0.0644457
285|284|0.156525|0.0773603
285|286|0.161482|0.0482384
286|225|0.724562|0.0968549
286|226|0.334416|0.0495949
286|227|0.420429|0.0243745
286|285|0.856141|0.0987332
286|287|0.995299|0.0736162
287|226|0.89697|0.0426496
287|227|0.176379|0.0167179
287|228|0.388838|0.0393168
287|286|0.895435|0.0991152
287|288|0.233557|0.0073749
288|227|0.515971|0.0570765
288|228|0.459775|0.0358825
288|229|0.560023|0.0248992
288|287|0.00328197|0.0716548
288|289|0.0225948|0.0164764
289|228|0.198933|0.0747157
289|229|0.133314|0.0533348
289|230|0.243106|0.0553743
289|288|0.777093|0.00992475
289|290|0.541075|0.0772392
290|229|0.835409|0.0438045
290|230|0.198887|0.00117881
290|231|0.605223|0.0587725
290|289|0.404956|0.0500659
290|291|0.578877|0.0638513
291|230|0.574408|0.00948478
291|231|0.209278|0.00341828
291|232|0.453673|0.0769301
291|290|0.283175|0.0456955
291|292|0.48585|0.030577
292|231|0.621719|0.0684782
292|232|0.0529265|0.0755033
292|233|0.218131|0.0296033
292|291|0.308776|0.0995223
292|293|0.39528|0.084985
293|232|0.767615|0.0230689
293|233|0.287895|0.0966503
293|234|0.242477|0.0893119
293|292|0.554228|0.0647433
293|294|0.393777|0.0133104
294|233|0.285946|0.0968185
294|234|0.227952|0.0495224
294|235|0.00236773|0.0681625
294|293|0.264525|0.0285543
294|295|0.13858|0.0750374
295|234|0.591312|0.0760299
295|235|0.435157|0.0644239
295|236|0.515333|0.0653287
295|294|0.940271|0.0824109
295|296|0.648511|0.0335551
296|235|0.673959|0.0416126
296|236|0.566241|0.0961854
296|237|0.382628|0.0808718
296|295|0.854973|0.0936856
296|297|0.456151|0.024875
297|236|0.0699601|0.0742097
297|237|0.216935|0.0297912
297|238|0.237321|0.0219303
297|296|0.979537|0.0501846
297|298|0.504845|0.0118118
298|237|0.252221|0.00961575
298|238|0.878417|0.0687377
298|239|0.740396|0.039375
298|297|0.340664|0.0680667
298|299|0.217858|0.0989175
299|238|0.0162189|0.0891817
299|239|0.405301|0.058246
299|298|0.853671|0.0787929
